date,zone,ema_bias,opt,atm,strike,strike_type,entry_time,target_pct,sl_param,sl_type,ep,xp,exit_reason,pnl,iv_proxy,prev_body,dte
2021-04-23,within_cpr,bear,CE,14350,14350,ATM,09:16:02,0.2,2.0,pct,185.6,148.45,target,2786.25,1.295,1.224,6
2021-04-27,tc_to_pdh,bear,PE,14500,14450,OTM1,09:31:02,0.5,25.0,spot,87.05,66.85,spot_sl,1515.0,0.6,0.212,2
2021-05-03,s1_to_s2,bear,CE,14500,14500,ATM,09:16:02,0.5,2.0,pct,141.6,216.85,eod,-5643.75,0.977,1.058,3
2021-05-05,tc_to_pdh,bear,PE,14600,14550,OTM1,09:31:02,0.5,25.0,spot,88.7,89.45,lockin_sl,-56.25,0.607,1.389,1
2021-05-07,r1_to_r2,bull,PE,14800,14750,OTM1,09:16:02,0.5,1.0,pct,103.95,98.75,eod,390.0,0.701,0.437,5
2021-05-14,tc_to_pdh,bull,PE,14750,14800,ITM1,09:25:02,0.2,75.0,spot,215.45,216.2,spot_sl,-56.25,1.461,0.839,6
2021-05-17,r1_to_r2,bull,PE,14750,14700,OTM1,09:16:02,0.5,1.0,pct,90.65,44.4,target,3468.75,0.614,0.464,3
2021-05-18,r1_to_r2,bull,PE,15100,15050,OTM1,09:16:02,0.5,1.0,pct,116.65,56.3,target,4526.25,0.774,1.103,2
2021-05-21,tc_to_pdh,bull,PE,15000,15050,ITM1,09:25:02,0.2,75.0,spot,150.25,120.2,target,2253.75,1.002,0.855,6
2021-05-26,tc_to_pdh,bull,PE,15250,15300,ITM1,09:25:02,0.2,75.0,spot,111.8,88.55,target,1743.75,0.733,0.485,1
2021-05-28,r1_to_r2,bull,PE,15400,15350,OTM1,09:16:02,0.5,1.0,pct,87.2,74.95,eod,918.75,0.565,0.226,6
2021-05-31,within_cpr,bull,PE,15450,15450,ATM,09:20:02,0.3,2.0,pct,119.05,83.3,target,2681.25,0.771,0.192,3
2021-06-07,r1_to_r2,bull,PE,15750,15700,OTM1,09:16:02,0.5,1.0,pct,86.05,59.1,eod,2021.25,0.547,0.28,3
2021-06-09,tc_to_pdh,bull,PE,15750,15800,ITM1,09:25:02,0.2,75.0,spot,105.75,84.0,target,1631.25,0.671,0.241,1
2021-06-11,r1_to_r2,bull,PE,15800,15750,OTM1,09:16:02,0.5,1.0,pct,86.25,86.45,lockin_sl,-15.0,0.546,0.413,6
2021-06-18,r1_to_r2,bull,PE,15750,15700,OTM1,09:16:02,0.5,1.0,pct,96.5,194.25,hard_sl,-7331.25,0.612,0.13,6
2021-06-25,r1_to_r2,bull,PE,15850,15800,OTM1,09:16:02,0.5,1.0,pct,96.45,66.5,eod,2246.25,0.609,0.316,6
2021-06-30,tc_to_pdh,bull,PE,15800,15850,ITM1,09:25:02,0.2,75.0,spot,84.95,67.6,target,1301.25,0.538,0.44,1
2021-07-02,tc_to_pdh,bull,PE,15700,15750,ITM1,09:25:02,0.2,75.0,spot,139.2,111.05,target,2111.25,0.886,0.388,6
2021-07-16,tc_to_pdh,bull,PE,15950,16000,ITM1,09:25:02,0.2,75.0,spot,110.65,114.4,eod,-281.25,0.694,0.252,6
2021-07-19,below_s4,bear,CE,15750,15700,ITM1,09:16:02,0.2,0.5,pct,147.75,118.1,target,2223.75,0.938,0.173,3
2021-07-27,tc_to_pdh,bull,PE,15850,15900,ITM1,09:25:02,0.2,75.0,spot,82.75,152.6,spot_sl,-5238.75,0.522,0.179,2
2021-07-28,tc_to_pdh,bear,PE,15750,15700,OTM1,09:31:02,0.5,25.0,spot,74.55,75.0,lockin_sl,-33.75,0.473,0.733,1
2021-08-02,r1_to_r2,bull,PE,15900,15850,OTM1,09:16:02,0.5,1.0,pct,84.65,54.0,eod,2298.75,0.533,0.167,3
2021-08-09,tc_to_pdh,bull,PE,16300,16350,ITM1,09:25:02,0.2,75.0,spot,118.7,173.5,spot_sl,-4110.0,0.729,0.338,3
2021-08-10,tc_to_pdh,bull,PE,16300,16350,ITM1,09:25:02,0.2,75.0,spot,98.0,78.2,target,1485.0,0.602,0.136,2
2021-08-16,tc_to_pdh,bull,PE,16500,16550,ITM1,09:25:02,0.2,75.0,spot,93.8,74.35,target,1458.75,0.568,0.765,2
2021-08-17,tc_to_pdh,bull,PE,16550,16600,ITM1,09:25:02,0.2,75.0,spot,83.4,66.2,target,1290.0,0.504,0.16,1
2021-08-24,tc_to_pdh,bull,PE,16550,16600,ITM1,09:25:02,0.2,75.0,spot,111.15,88.4,target,1706.25,0.671,0.63,2
2021-08-31,tc_to_pdh,bull,PE,16950,17000,ITM1,09:25:02,0.2,75.0,spot,84.9,66.0,target,1417.5,0.501,0.965,2
2021-09-07,tc_to_pdh,bull,PE,17400,17450,ITM1,09:25:02,0.2,75.0,spot,147.0,162.95,spot_sl,-1196.25,0.845,0.122,2
2021-09-08,tc_to_pdh,bull,PE,17400,17450,ITM1,09:25:02,0.2,75.0,spot,126.4,100.25,target,1961.25,0.727,0.272,1
2021-09-13,within_cpr,bull,PE,17350,17350,ATM,09:20:02,0.3,2.0,pct,102.8,71.35,target,2358.75,0.593,0.217,3
2021-09-17,r1_to_r2,bull,PE,17700,17650,OTM1,09:16:02,0.5,1.0,pct,90.7,72.8,lockin_sl,1342.5,0.512,0.422,6
2021-09-21,tc_to_pdh,bull,PE,17450,17500,ITM1,09:25:02,0.2,75.0,spot,154.65,154.65,spot_sl,0.0,0.887,0.49,2
2021-09-24,r1_to_r2,bull,PE,17900,17850,OTM1,09:16:02,0.5,1.0,pct,113.35,114.65,eod,-97.5,0.633,0.853,6
2021-09-27,r1_to_r2,bull,PE,17950,17900,OTM1,09:16:02,0.5,1.0,pct,95.55,125.4,eod,-2238.75,0.533,0.334,3
2021-09-28,tc_to_pdh,bull,PE,17900,17950,ITM1,09:25:02,0.2,75.0,spot,154.55,190.6,spot_sl,-2703.75,0.863,0.418,2
2021-10-08,r1_to_r2,bull,PE,17900,17850,OTM1,09:16:02,0.5,1.0,pct,117.45,117.6,lockin_sl,-11.25,0.656,0.102,6
2021-10-18,r3_to_r4,bull,PE,18500,18550,ITM1,09:25:02,0.2,0.5,pct,146.7,116.95,target,2231.25,0.793,0.267,3
2021-10-19,r2_to_r3,bull,PE,18600,18600,ATM,09:20:02,0.2,1.5,pct,111.4,88.0,target,1755.0,0.599,0.14,2
2021-10-20,tc_to_pdh,bull,PE,18450,18500,ITM1,09:25:02,0.2,75.0,spot,179.75,179.75,spot_sl,0.0,0.974,0.98,1
2021-10-22,tc_to_pdh,bull,PE,18250,18300,ITM1,09:25:02,0.2,75.0,spot,164.45,131.0,target,2508.75,0.902,0.877,6
2021-10-25,tc_to_pdh,bull,PE,18250,18300,ITM1,09:25:02,0.2,75.0,spot,274.75,274.75,spot_sl,0.0,1.506,0.678,3
2021-10-26,tc_to_pdh,bull,PE,18150,18200,ITM1,09:25:02,0.2,75.0,spot,101.0,80.65,target,1526.25,0.556,0.579,2
2021-10-27,tc_to_pdh,bull,PE,18300,18350,ITM1,09:25:02,0.2,75.0,spot,107.65,85.7,target,1646.25,0.588,0.815,1
2021-11-01,tc_to_pdh,bear,PE,17800,17750,OTM1,09:31:02,0.5,25.0,spot,108.8,109.75,lockin_sl,-71.25,0.612,0.684,2
2021-11-08,r1_to_r2,bull,PE,18000,17950,OTM1,09:16:02,0.5,1.0,pct,103.1,48.7,target,4080.0,0.573,0.672,3
2021-11-12,r1_to_r2,bear,PE,18000,18000,ATM,09:20:02,0.5,2.0,pct,134.4,66.35,target,5103.75,0.748,0.471,6
2021-11-16,tc_to_pdh,bull,PE,18150,18200,ITM1,09:25:02,0.2,75.0,spot,155.2,172.8,spot_sl,-1320.0,0.856,0.344,2
2021-11-17,pdl_to_s1,bear,CE,17950,17900,ITM1,09:20:02,0.2,2.0,pct,92.8,73.4,target,1455.0,0.517,0.936,1
2021-11-22,tc_to_pdh,bear,PE,17800,17750,OTM1,09:31:02,0.5,25.0,spot,161.65,318.1,eod,-11733.75,0.908,0.837,3
2021-11-26,s1_to_s2,bear,CE,17350,17350,ATM,09:16:02,0.5,2.0,pct,144.85,72.35,target,5437.5,0.835,0.723,6
2021-11-29,tc_to_pdh,bear,PE,17050,17000,OTM1,09:31:02,0.5,25.0,spot,182.05,90.4,target,6873.75,1.067,1.926,3
2021-12-03,pdh_to_r1,bear,PE,17450,17400,OTM1,09:20:02,0.5,0.5,pct,117.0,175.85,hard_sl,-4413.75,0.671,1.255,6
2021-12-07,tc_to_pdh,bear,PE,17050,17000,OTM1,09:31:02,0.5,25.0,spot,101.4,50.25,target,3836.25,0.595,1.759,2
2021-12-10,tc_to_pdh,bull,PE,17500,17550,ITM1,09:25:02,0.2,75.0,spot,149.65,135.15,eod,1087.5,0.855,0.165,6
2021-12-14,pdl_to_s1,bear,CE,17300,17250,ITM1,09:20:02,0.2,2.0,pct,117.75,147.9,eod,-2261.25,0.681,1.34,2
2021-12-15,tc_to_pdh,bear,PE,17350,17300,OTM1,09:31:02,0.5,25.0,spot,109.35,111.4,lockin_sl,-153.75,0.631,0.127,1
2021-12-17,tc_to_pdh,bear,PE,17300,17250,OTM1,09:31:02,0.5,25.0,spot,197.1,297.0,eod,-7492.5,1.139,0.51,6
2021-12-20,s1_to_s2,bear,CE,16850,16850,ATM,09:16:02,0.5,2.0,pct,133.3,66.55,target,5006.25,0.792,1.749,3
2021-12-21,tc_to_pdh,bear,PE,16800,16750,OTM1,09:31:02,0.5,25.0,spot,111.9,66.35,spot_sl,3416.25,0.667,1.345,2
2021-12-24,r1_to_r2,bear,PE,17150,17150,ATM,09:20:02,0.5,2.0,pct,177.05,205.25,eod,-2115.0,1.032,0.105,6
2021-12-31,tc_to_pdh,bull,PE,17250,17300,ITM1,09:25:02,0.2,75.0,spot,134.4,107.05,target,2051.25,0.779,0.148,6
2022-01-03,tc_to_pdh,bull,PE,17400,17450,ITM1,09:25:02,0.2,75.0,spot,108.25,86.4,target,1638.75,0.622,0.678,3
2022-01-05,tc_to_pdh,bull,PE,17800,17850,ITM1,09:25:02,0.2,75.0,spot,91.0,72.35,target,1398.75,0.511,0.709,1
2022-01-10,r1_to_r2,bull,PE,17900,17850,OTM1,09:16:02,0.5,1.0,pct,91.05,49.85,eod,3090.0,0.508,0.103,3
2022-01-11,tc_to_pdh,bull,PE,18000,18050,ITM1,09:25:02,0.2,75.0,spot,116.5,92.85,target,1773.75,0.647,0.482,2
2022-01-17,tc_to_pdh,bull,PE,18250,18300,ITM1,09:25:02,0.2,75.0,spot,110.0,87.55,target,1683.75,0.603,0.204,3
2022-01-21,pdl_to_s1,bear,CE,17650,17600,ITM1,09:20:02,0.2,2.0,pct,156.95,123.8,target,2486.25,0.89,0.924,6
2022-01-28,pdh_to_r1,bear,PE,17250,17200,OTM1,09:20:02,0.5,0.5,pct,212.8,299.0,eod,-6465.0,1.235,0.479,6
2022-01-31,r1_to_r2,bear,PE,17300,17300,ATM,09:20:02,0.5,2.0,pct,228.05,208.85,eod,1440.0,1.318,0.77,3
2022-02-04,tc_to_pdh,bull,PE,17600,17650,ITM1,09:25:02,0.2,75.0,spot,213.55,213.55,spot_sl,0.0,1.214,1.443,6
2022-02-08,tc_to_pdh,bear,PE,17300,17250,OTM1,09:31:02,0.5,25.0,spot,120.8,96.9,eod,1792.5,0.699,1.534,2
2022-02-14,s3_to_s4,bear,CE,17100,17050,ITM1,09:20:02,0.4,0.5,pct,158.0,94.75,target,4743.75,0.924,0.626,3
2022-02-15,tc_to_pdh,bear,PE,16950,16900,OTM1,09:31:02,0.5,25.0,spot,128.25,63.4,target,4863.75,0.757,1.67,2
2022-02-21,pdl_to_s1,bear,CE,17200,17150,ITM1,09:20:02,0.2,2.0,pct,191.1,152.2,target,2917.5,1.11,0.168,3
2022-02-23,pdh_to_r1,bear,PE,17200,17150,OTM1,09:20:02,0.5,0.5,pct,91.55,137.7,hard_sl,-3461.25,0.532,1.093,1
2022-02-25,tc_to_pdh,bear,PE,16550,16500,OTM1,09:31:02,0.5,25.0,spot,220.6,164.8,spot_sl,4185.0,1.335,2.351,6
2022-03-02,within_cpr,bear,CE,16600,16600,ATM,09:16:02,0.2,2.0,pct,195.2,155.75,target,2958.75,1.175,1.706,1
2022-03-04,s1_to_s2,bear,CE,16350,16350,ATM,09:16:02,0.5,2.0,pct,231.85,232.2,lockin_sl,-26.25,1.417,1.355,6
2022-03-09,pdh_to_r1,bear,PE,16100,16050,OTM1,09:20:02,0.5,0.5,pct,156.4,78.1,target,5872.5,0.973,1.66,1
2022-03-14,tc_to_pdh,bear,PE,16650,16600,OTM1,09:31:02,0.5,25.0,spot,188.25,162.45,spot_sl,1935.0,1.131,0.514,3
2022-03-16,tc_to_pdh,bull,PE,16850,16900,ITM1,09:25:02,0.2,75.0,spot,125.4,97.25,target,2111.25,0.744,1.538,1
2022-03-21,tc_to_pdh,bull,PE,17350,17400,ITM1,09:25:02,0.2,75.0,spot,227.25,300.25,spot_sl,-5475.0,1.311,0.548,3
2022-03-22,pdl_to_bc,bull,PE,17150,17100,OTM1,09:31:02,0.2,1.5,pct,178.05,141.55,target,2737.5,1.039,1.256,2
2022-03-28,tc_to_pdh,bull,PE,17200,17250,ITM1,09:25:02,0.2,75.0,spot,224.3,227.0,spot_sl,-202.5,1.304,0.668,3
2022-04-01,pdl_to_bc,bull,PE,17450,17400,OTM1,09:31:02,0.2,1.5,pct,130.4,104.0,target,1980.0,0.748,0.308,6
2022-04-04,r1_to_r2,bull,PE,17800,17750,OTM1,09:16:02,0.5,1.0,pct,108.3,54.15,target,4061.25,0.608,1.435,3
2022-04-05,tc_to_pdh,bull,PE,18100,18150,ITM1,09:25:02,0.2,75.0,spot,162.0,129.05,target,2471.25,0.896,1.238,2
2022-04-08,tc_to_pdh,bull,PE,17700,17750,ITM1,09:25:02,0.2,75.0,spot,184.45,205.25,spot_sl,-1560.0,1.042,0.558,5
2022-04-11,within_cpr,bull,PE,17750,17750,ATM,09:20:02,0.3,2.0,pct,128.55,88.0,target,3041.25,0.724,0.533,2
2022-04-18,s3_to_s4,bear,CE,17200,17150,ITM1,09:20:02,0.4,0.5,pct,179.15,107.35,target,5385.0,1.042,0.764,3
2022-04-26,r1_to_r2,bear,PE,17150,17150,ATM,09:20:02,0.5,2.0,pct,111.3,66.15,eod,3386.25,0.65,0.15,2
2022-05-02,s1_to_s2,bear,CE,16950,16950,ATM,09:16:02,0.5,2.0,pct,144.75,202.25,eod,-4312.5,0.854,1.275,3
2022-05-04,pdh_to_r1,bear,PE,17100,17050,OTM1,09:20:02,0.5,0.5,pct,87.55,134.4,hard_sl,-3513.75,0.512,0.689,1
2022-05-11,tc_to_pdh,bear,PE,16300,16250,OTM1,09:31:02,0.5,25.0,spot,81.7,121.65,eod,-2996.25,0.502,0.296,1
2022-05-13,tc_to_pdh,bear,PE,16000,15950,OTM1,09:31:02,0.5,25.0,spot,151.0,130.85,spot_sl,1511.25,0.944,1.346,6
2022-05-16,tc_to_pdh,bear,PE,15850,15800,OTM1,09:31:02,0.5,25.0,spot,122.1,125.3,eod,-240.0,0.77,1.4,3
2022-05-18,pdh_to_r1,bear,PE,16350,16300,OTM1,09:20:02,0.5,0.5,pct,87.0,131.3,hard_sl,-3322.5,0.533,2.281,1
2022-05-20,r1_to_r2,bear,PE,16050,16050,ATM,09:20:02,0.5,2.0,pct,179.2,103.0,eod,5715.0,1.117,0.711,6
2022-05-23,pdh_to_r1,bear,PE,16300,16250,OTM1,09:20:02,0.5,0.5,pct,194.1,95.7,target,7380.0,1.191,1.471,3
2022-05-24,tc_to_pdh,bear,PE,16250,16200,OTM1,09:31:02,0.5,25.0,spot,183.0,183.55,lockin_sl,-41.25,1.127,0.633,2
2022-05-25,tc_to_pdh,bear,PE,16200,16150,OTM1,09:31:02,0.5,25.0,spot,84.0,175.0,eod,-6825.0,0.519,0.571,1
2022-05-27,pdh_to_r1,bear,PE,16300,16250,OTM1,09:20:02,0.5,0.5,pct,171.15,125.8,eod,3401.25,1.05,0.56,6
2022-05-30,r2_to_r3,bull,PE,16550,16550,ATM,09:20:02,0.2,1.5,pct,150.8,120.15,target,2298.75,0.912,0.363,3
2022-05-31,pdl_to_bc,bull,PE,16600,16550,OTM1,09:31:02,0.2,1.5,pct,131.85,105.0,target,2013.75,0.794,0.843,2
2022-06-01,tc_to_pdh,bull,PE,16600,16650,ITM1,09:25:02,0.2,75.0,spot,116.5,166.6,spot_sl,-3757.5,0.702,0.111,1
2022-06-03,r1_to_r2,bull,PE,16750,16700,OTM1,09:16:02,0.5,1.0,pct,128.1,194.8,eod,-5002.5,0.764,0.863,6
2022-06-07,pdl_to_bc,bull,PE,16500,16450,OTM1,09:31:02,0.2,1.5,pct,126.25,121.6,eod,348.75,0.766,0.109,2
2022-06-08,r1_to_r2,bull,PE,16500,16450,OTM1,09:16:02,0.5,1.0,pct,100.8,80.95,lockin_sl,1488.75,0.612,0.5,1
2022-06-13,below_s4,bear,CE,15900,15850,ITM1,09:16:02,0.2,0.5,pct,156.8,125.25,target,2366.25,0.987,0.689,3
2022-06-15,tc_to_pdh,bear,PE,15750,15700,OTM1,09:31:02,0.5,25.0,spot,100.75,100.8,lockin_sl,-3.75,0.64,0.305,1
2022-06-17,pdl_to_s1,bear,CE,15300,15250,ITM1,09:20:02,0.2,2.0,pct,231.05,183.9,target,3536.25,1.51,3.124,6
2022-06-20,tc_to_pdh,bear,PE,15350,15300,OTM1,09:31:02,0.5,25.0,spot,185.5,112.4,eod,5482.5,1.208,0.19,3
2022-06-24,pdh_to_r1,bear,PE,15650,15600,OTM1,09:20:02,0.5,0.5,pct,128.3,109.45,eod,1413.75,0.819,0.735,6
2022-06-27,r3_to_r4,bull,PE,15900,15950,ITM1,09:25:02,0.2,0.5,pct,160.0,182.9,eod,-1717.5,1.005,0.205,3
2022-06-28,s1_to_s2,bear,CE,15750,15750,ATM,09:16:02,0.5,2.0,pct,123.05,164.35,eod,-3097.5,0.78,0.481,2
2022-07-01,pdl_to_s1,bear,CE,15700,15650,ITM1,09:20:02,0.2,2.0,pct,182.5,145.55,target,2771.25,1.162,0.355,6
2022-07-04,tc_to_pdh,bear,PE,15750,15700,OTM1,09:31:02,0.5,25.0,spot,129.8,80.65,spot_sl,3686.25,0.825,0.371,3
2022-07-05,r1_to_r2,bull,PE,15900,15850,OTM1,09:16:02,0.5,1.0,pct,87.9,70.35,lockin_sl,1316.25,0.552,0.587,2
2022-07-08,r2_to_r3,bull,PE,16300,16300,ATM,09:20:02,0.2,1.5,pct,195.0,174.0,eod,1575.0,1.198,0.216,6
2022-07-12,pdl_to_bc,bull,PE,16150,16100,OTM1,09:31:02,0.2,1.5,pct,99.5,79.35,target,1511.25,0.617,0.29,2
2022-07-15,tc_to_pdh,bull,PE,16000,16050,ITM1,09:25:02,0.2,75.0,spot,151.4,121.0,target,2280.0,0.947,0.469,6
2022-07-20,r3_to_r4,bull,PE,16550,16600,ITM1,09:25:02,0.2,0.5,pct,124.5,99.0,target,1912.5,0.752,0.756,1
2022-07-22,r1_to_r2,bull,PE,16650,16600,OTM1,09:16:02,0.5,1.0,pct,102.6,79.1,eod,1762.5,0.616,0.522,6
2022-07-25,pdl_to_bc,bull,PE,16650,16600,OTM1,09:31:02,0.2,1.5,pct,88.05,69.65,target,1380.0,0.528,0.264,3
2022-07-26,tc_to_pdh,bull,PE,16650,16700,ITM1,09:25:02,0.2,75.0,spot,186.6,186.6,spot_sl,0.0,1.122,0.363,2
2022-07-27,pdl_to_bc,bull,PE,16500,16450,OTM1,09:31:02,0.2,1.5,pct,83.45,66.0,target,1308.75,0.506,1.012,1
2022-07-29,r1_to_r2,bull,PE,17050,17000,OTM1,09:16:02,0.5,1.0,pct,94.9,54.8,eod,3007.5,0.556,0.87,6
2022-08-01,r1_to_r2,bull,PE,17250,17200,OTM1,09:16:02,0.5,1.0,pct,102.65,50.8,target,3888.75,0.595,0.544,3
2022-08-02,within_cpr,bull,PE,17300,17300,ATM,09:20:02,0.3,2.0,pct,103.85,72.6,target,2343.75,0.6,0.509,2
2022-08-05,tc_to_pdh,bull,PE,17400,17450,ITM1,09:25:02,0.2,75.0,spot,161.15,128.0,target,2486.25,0.925,0.612,6
2022-08-08,tc_to_pdh,bull,PE,17400,17450,ITM1,09:25:02,0.2,75.0,spot,164.4,131.15,target,2493.75,0.945,0.156,3
2022-08-12,pdl_to_bc,bull,PE,17650,17600,OTM1,09:31:02,0.2,1.5,pct,113.8,90.3,target,1762.5,0.645,0.433,6
2022-08-26,tc_to_pdh,bull,PE,17650,17700,ITM1,09:25:02,0.2,75.0,spot,139.4,224.35,spot_sl,-6371.25,0.791,0.92,6
2022-08-29,below_s4,bear,CE,17200,17150,ITM1,09:16:02,0.2,0.5,pct,187.8,220.85,eod,-2478.75,1.092,0.258,3
2022-09-02,tc_to_pdh,bull,PE,17600,17650,ITM1,09:25:02,0.2,75.0,spot,186.9,249.55,spot_sl,-4698.75,1.062,0.221,6
2022-09-05,tc_to_pdh,bull,PE,17550,17600,ITM1,09:25:02,0.2,75.0,spot,137.45,107.65,target,2235.0,0.783,0.446,3
2022-09-09,r2_to_r3,bull,PE,17900,17900,ATM,09:20:02,0.2,1.5,pct,131.35,167.2,eod,-2688.75,0.734,0.263,6
2022-09-12,tc_to_pdh,bull,PE,17900,17950,ITM1,09:25:02,0.2,75.0,spot,141.95,113.5,target,2133.75,0.793,0.402,3
2022-09-13,r2_to_r3,bull,PE,18050,18050,ATM,09:20:02,0.2,1.5,pct,107.4,85.3,target,1657.5,0.595,0.185,2
2022-09-20,r1_to_r2,bull,PE,17750,17700,OTM1,09:16:02,0.5,1.0,pct,89.4,66.5,eod,1717.5,0.503,0.487,2
2022-09-26,s1_to_s2,bear,CE,17200,17200,ATM,09:16:02,0.5,2.0,pct,152.6,75.85,target,5756.25,0.888,1.565,3
2022-09-28,s1_to_s2,bear,CE,16900,16900,ATM,09:16:02,0.5,2.0,pct,96.55,56.9,eod,2973.75,0.572,0.425,1
2022-10-03,tc_to_pdh,bear,PE,17050,17000,OTM1,09:31:02,0.5,25.0,spot,141.35,185.3,eod,-3296.25,0.828,1.797,3
2022-10-04,r1_to_r2,bear,PE,17150,17150,ATM,09:20:02,0.5,2.0,pct,85.6,42.75,target,3213.75,0.5,1.13,2
2022-10-07,pdl_to_s1,bear,CE,17300,17250,ITM1,09:20:02,0.2,2.0,pct,179.45,143.5,target,2696.25,1.037,0.358,6
2022-10-11,tc_to_pdh,bear,PE,17250,17200,OTM1,09:31:02,0.5,25.0,spot,119.2,257.35,eod,-10361.25,0.691,0.855,2
2022-10-14,r3_to_r4,bull,PE,17300,17350,ITM1,09:25:02,0.2,0.5,pct,180.7,143.95,target,2756.25,1.045,0.51,6
2022-10-17,pdl_to_s1,bear,CE,17150,17100,ITM1,09:20:02,0.2,2.0,pct,148.55,262.35,eod,-8535.0,0.866,0.517,3
2022-10-19,r2_to_r3,bull,PE,17600,17600,ATM,09:20:02,0.2,1.5,pct,97.65,78.0,target,1473.75,0.555,0.242,1
2022-10-25,r2_to_r3,bull,PE,17800,17800,ATM,09:20:02,0.2,1.5,pct,111.1,88.55,target,1691.25,0.624,0.227,2
2022-10-28,tc_to_pdh,bull,PE,17750,17800,ITM1,09:25:02,0.2,75.0,spot,125.05,130.85,eod,-435.0,0.704,0.105,6
2022-11-04,tc_to_pdh,bull,PE,18050,18100,ITM1,09:25:02,0.2,75.0,spot,143.9,112.4,target,2362.5,0.797,0.419,6
2022-11-11,r3_to_r4,bull,PE,18300,18350,ITM1,09:25:02,0.2,0.5,pct,120.25,90.25,target,2250.0,0.658,0.191,6
2022-11-15,tc_to_pdh,bull,PE,18350,18400,ITM1,09:25:02,0.2,75.0,spot,94.75,75.3,target,1458.75,0.516,0.329,2
2022-11-16,tc_to_pdh,bull,PE,18400,18450,ITM1,09:25:02,0.2,75.0,spot,102.9,82.1,target,1560.0,0.559,0.267,1
2022-11-18,tc_to_pdh,bull,PE,18400,18450,ITM1,09:25:02,0.2,75.0,spot,150.6,177.35,spot_sl,-2006.25,0.819,0.165,6
2022-11-21,pdl_to_bc,bull,PE,18250,18200,OTM1,09:31:02,0.2,1.5,pct,94.75,91.6,eod,236.25,0.519,0.438,3
2022-11-22,tc_to_pdh,bull,PE,18200,18250,ITM1,09:25:02,0.2,75.0,spot,116.1,92.45,target,1773.75,0.638,0.593,2
2022-12-05,tc_to_pdh,bull,PE,18750,18800,ITM1,09:25:02,0.2,75.0,spot,149.0,173.0,spot_sl,-1800.0,0.796,0.371,3
2022-12-16,pdl_to_s1,bear,CE,18350,18300,ITM1,09:20:02,0.2,2.0,pct,150.5,120.2,target,2272.5,0.821,1.2,6
2022-12-23,s1_to_s2,bear,CE,18000,18000,ATM,09:16:02,0.5,2.0,pct,195.3,97.65,target,7323.75,1.085,0.969,6
2022-12-27,tc_to_pdh,bear,PE,18100,18050,OTM1,09:31:02,0.5,25.0,spot,95.65,96.5,lockin_sl,-63.75,0.529,0.995,2
2023-01-04,tc_to_pdh,bull,PE,18250,18300,ITM1,09:25:02,0.2,75.0,spot,110.7,180.9,spot_sl,-5265.0,0.607,0.248,1
2023-01-06,tc_to_pdh,bear,PE,18000,17950,OTM1,09:31:02,0.5,25.0,spot,91.8,92.0,lockin_sl,-15.0,0.51,0.482,6
2023-01-10,tc_to_pdh,bear,PE,18150,18100,OTM1,09:31:02,0.5,25.0,spot,116.55,195.0,eod,-5883.75,0.643,0.704,2
2023-01-13,tc_to_pdh,bear,PE,17850,17800,OTM1,09:31:02,0.5,25.0,spot,112.3,55.8,target,4237.5,0.628,0.369,6
2023-01-20,tc_to_pdh,bull,PE,18100,18150,ITM1,09:25:02,0.2,75.0,spot,113.25,90.1,target,1736.25,0.625,0.144,5
2023-01-31,pdh_to_r1,bear,PE,17750,17700,OTM1,09:20:02,0.5,0.5,pct,201.65,131.45,eod,5265.0,1.137,0.508,2
2023-02-01,r1_to_r2,bear,PE,17800,17800,ATM,09:20:02,0.5,2.0,pct,149.75,74.6,target,5636.25,0.841,0.301,1
2023-02-03,r1_to_r2,bear,PE,17700,17700,ATM,09:20:02,0.5,2.0,pct,130.25,64.5,target,4931.25,0.735,0.291,6
2023-02-06,tc_to_pdh,bear,PE,17800,17750,OTM1,09:31:02,0.5,25.0,spot,106.25,95.1,eod,836.25,0.596,0.621,3
2023-02-20,tc_to_pdh,bull,PE,17950,18000,ITM1,09:25:02,0.2,75.0,spot,102.0,81.5,target,1537.5,0.568,0.2,3
2023-02-21,tc_to_pdh,bull,PE,17900,17950,ITM1,09:25:02,0.2,75.0,spot,120.8,96.5,target,1822.5,0.675,0.664,2
2023-02-24,tc_to_pdh,bear,PE,17600,17550,OTM1,09:31:02,0.5,25.0,spot,95.0,139.2,eod,-3315.0,0.54,0.351,6
2023-03-10,s1_to_s2,bear,CE,17450,17450,ATM,09:16:02,0.5,2.0,pct,98.8,99.15,lockin_sl,-26.25,0.566,0.995,6
2023-03-24,tc_to_pdh,bear,PE,17100,17050,OTM1,09:31:02,0.5,25.0,spot,134.0,107.2,lockin_sl,2010.0,0.784,0.201,5
2023-03-31,r1_to_r2,bear,PE,17200,17200,ATM,09:20:02,0.5,2.0,pct,82.85,51.8,eod,2328.75,0.481,0.768,6
2023-04-03,r1_to_r2,bull,PE,17450,17400,OTM1,09:16:02,0.5,1.0,pct,99.45,63.8,eod,2673.75,0.571,0.803,3
2023-04-10,tc_to_pdh,bull,PE,17650,17700,ITM1,09:25:02,0.2,75.0,spot,121.75,96.6,target,1886.25,0.69,0.368,3
2023-04-18,tc_to_pdh,bull,PE,17750,17800,ITM1,09:25:02,0.2,75.0,spot,99.8,139.1,eod,-2947.5,0.562,0.191,2
2023-04-21,tc_to_pdh,bull,PE,17650,17700,ITM1,09:25:02,0.2,75.0,spot,97.1,153.8,spot_sl,-4252.5,0.55,0.147,6
2023-05-12,pdl_to_bc,bull,PE,18300,18250,OTM1,09:31:02,0.2,1.5,pct,109.25,86.95,target,1672.5,0.598,0.452,6
2023-05-15,tc_to_pdh,bull,PE,18300,18350,ITM1,09:25:02,0.2,75.0,spot,86.7,69.3,target,1305.0,0.473,0.186,3
2023-05-16,tc_to_pdh,bull,PE,18400,18450,ITM1,09:25:02,0.2,75.0,spot,108.35,86.3,target,1653.75,0.588,0.346,2
2023-05-17,tc_to_pdh,bull,PE,18300,18350,ITM1,09:25:02,0.2,75.0,spot,105.75,105.75,spot_sl,0.0,0.578,0.764,1
2023-05-19,tc_to_pdh,bull,PE,18200,18250,ITM1,09:25:02,0.2,75.0,spot,132.15,148.2,spot_sl,-1203.75,0.727,0.746,6
2023-06-06,tc_to_pdh,bull,PE,18600,18650,ITM1,09:25:02,0.2,75.0,spot,88.85,128.2,spot_sl,-2951.25,0.478,0.114,2
2023-06-09,tc_to_pdh,bull,PE,18650,18700,ITM1,09:25:02,0.2,75.0,spot,93.1,116.85,spot_sl,-1781.25,0.499,0.467,6
2023-06-12,tc_to_pdh,bull,PE,18650,18700,ITM1,09:25:02,0.2,75.0,spot,133.75,106.0,target,2081.25,0.718,0.524,3
2023-06-16,tc_to_pdh,bull,PE,18750,18800,ITM1,09:25:02,0.2,75.0,spot,93.0,73.35,target,1473.75,0.497,0.518,6
2023-06-26,tc_to_pdh,bull,PE,18700,18750,ITM1,09:25:02,0.2,75.0,spot,97.95,78.3,target,1473.75,0.524,0.411,3
2023-07-07,within_cpr,bull,PE,19450,19450,ATM,09:20:02,0.3,2.0,pct,104.15,72.7,target,2358.75,0.536,0.484,6
2023-07-10,tc_to_pdh,bull,PE,19400,19450,ITM1,09:25:02,0.2,75.0,spot,132.8,106.05,target,2006.25,0.684,0.607,3
2023-07-14,tc_to_pdh,bull,PE,19500,19550,ITM1,09:25:02,0.2,75.0,spot,126.3,100.8,target,1912.5,0.648,0.144,6
2023-07-17,tc_to_pdh,bull,PE,19600,19650,ITM1,09:25:02,0.2,75.0,spot,118.65,94.55,target,1807.5,0.606,0.486,3
2023-07-19,tc_to_pdh,bull,PE,19800,19850,ITM1,09:25:02,0.2,75.0,spot,95.1,75.8,target,1447.5,0.48,0.235,1
2023-07-25,tc_to_pdh,bull,PE,19700,19750,ITM1,09:25:02,0.2,75.0,spot,108.45,130.15,spot_sl,-1627.5,0.55,0.419,2
2023-07-28,pdl_to_bc,bull,PE,19700,19650,OTM1,09:31:02,0.2,1.5,pct,109.95,87.95,target,1650.0,0.559,0.769,6
2023-07-31,tc_to_pdh,bull,PE,19650,19700,ITM1,09:25:02,0.2,75.0,spot,125.25,99.65,target,1920.0,0.637,0.23,3
2023-08-09,tc_to_pdh,bull,PE,19600,19650,ITM1,09:25:02,0.2,75.0,spot,131.6,156.4,spot_sl,-1860.0,0.672,0.326,1
2023-08-11,tc_to_pdh,bull,PE,19550,19600,ITM1,09:25:02,0.2,75.0,spot,151.65,151.25,spot_sl,30.0,0.775,0.326,6
2023-08-18,pdl_to_s1,bear,CE,19300,19250,ITM1,09:20:02,0.2,2.0,pct,123.2,97.85,target,1901.25,0.638,0.596,6
2023-08-23,r1_to_r2,bear,PE,19450,19450,ATM,09:20:02,0.5,2.0,pct,92.0,45.25,target,3506.25,0.473,0.153,1
2023-08-25,pdl_to_s1,bear,CE,19300,19250,ITM1,09:20:02,0.2,2.0,pct,114.6,91.4,target,1740.0,0.593,0.806,6
2023-10-16,tc_to_pdh,bull,PE,19750,19800,ITM1,09:25:02,0.2,75.0,spot,137.25,108.6,target,2148.75,0.695,0.282,3
2023-10-30,tc_to_pdh,bear,PE,19050,19000,OTM1,09:31:02,0.5,25.0,spot,105.9,52.7,target,3990.0,0.555,0.6,3
2023-10-31,r1_to_r2,bear,PE,19250,19250,ATM,09:20:02,0.5,2.0,pct,126.0,161.15,eod,-2636.25,0.655,0.442,2
2023-11-06,r3_to_r4,bull,PE,19350,19400,ITM1,09:25:02,0.2,0.5,pct,91.55,72.7,target,1413.75,0.473,0.112,3
2023-11-07,tc_to_pdh,bull,PE,19400,19450,ITM1,09:25:02,0.2,75.0,spot,97.3,77.55,target,1481.25,0.501,0.333,2
2023-11-10,s1_to_s2,bear,CE,19350,19350,ATM,09:16:02,0.5,2.0,pct,93.95,133.5,eod,-2966.25,0.485,0.322,6
2023-11-20,tc_to_pdh,bull,PE,19750,19800,ITM1,09:25:02,0.2,75.0,spot,117.4,93.9,target,1762.5,0.595,0.157,3
2023-12-04,above_r4,bull,PE,20600,20650,ITM1,09:31:02,0.5,2.0,pct,123.1,79.0,eod,3307.5,0.598,0.323,3
2023-12-05,r1_to_r2,bull,PE,20800,20750,OTM1,09:16:02,0.5,1.0,pct,101.65,82.2,lockin_sl,1458.75,0.488,0.4,2
2023-12-08,tc_to_pdh,bull,PE,20950,21000,ITM1,09:25:02,0.2,75.0,spot,109.15,87.15,target,1650.0,0.521,0.137,6
2023-12-11,tc_to_pdh,bull,PE,21000,21050,ITM1,09:25:02,0.2,75.0,spot,101.45,110.35,eod,-667.5,0.484,0.172,3
2023-12-13,tc_to_pdh,bull,PE,20950,21000,ITM1,09:25:02,0.2,75.0,spot,108.65,86.55,target,1657.5,0.519,0.586,1
2023-12-18,tc_to_pdh,bull,PE,21450,21500,ITM1,09:25:02,0.2,75.0,spot,135.2,149.0,eod,-1035.0,0.631,0.711,3
2023-12-26,tc_to_pdh,bull,PE,21350,21400,ITM1,09:25:02,0.2,75.0,spot,104.5,78.0,target,1987.5,0.489,0.125,2
2023-12-29,within_cpr,bull,PE,21750,21750,ATM,09:20:02,0.3,2.0,pct,149.15,103.8,target,3401.25,0.686,0.295,6
2024-01-01,tc_to_pdh,bull,PE,21750,21800,ITM1,09:25:02,0.2,75.0,spot,156.65,125.15,target,2362.5,0.721,0.127,3
2024-01-02,tc_to_pdh,bull,PE,21750,21800,ITM1,09:25:02,0.2,75.0,spot,137.65,109.6,target,2103.75,0.633,0.215,2
2024-01-03,tc_to_pdh,bull,PE,21700,21750,ITM1,09:25:02,0.2,75.0,spot,164.95,186.95,spot_sl,-1650.0,0.761,0.438,1
2024-01-12,r1_to_r2,bull,PE,21800,21750,OTM1,09:16:02,0.5,1.0,pct,136.55,68.1,target,5133.75,0.627,0.135,6
2024-01-15,r1_to_r2,bull,PE,22050,22000,OTM1,09:16:02,0.5,1.0,pct,106.3,66.45,eod,2988.75,0.482,0.545,3
2024-01-16,tc_to_pdh,bull,PE,22100,22150,ITM1,09:25:02,0.2,75.0,spot,153.25,122.55,target,2302.5,0.694,0.334,2
2024-01-19,r1_to_r2,bull,PE,21600,21550,OTM1,09:16:02,0.5,1.0,pct,111.25,91.6,eod,1473.75,0.515,0.245,6
2024-01-29,tc_to_pdh,bear,PE,21450,21400,OTM1,09:31:02,0.5,25.0,spot,101.2,101.2,spot_sl,0.0,0.472,0.367,3
2024-02-02,r1_to_r2,bull,PE,21850,21800,OTM1,09:16:02,0.5,1.0,pct,120.25,59.75,target,4537.5,0.551,0.453,6
2024-02-05,tc_to_pdh,bull,PE,21900,21950,ITM1,09:25:02,0.2,75.0,spot,191.8,191.8,spot_sl,0.0,0.875,0.132,3
2024-02-06,tc_to_pdh,bull,PE,21850,21900,ITM1,09:25:02,0.2,75.0,spot,209.3,166.8,target,3187.5,0.959,0.739,2
2024-02-09,pdl_to_bc,bull,PE,21750,21700,OTM1,09:31:02,0.2,1.5,pct,139.2,111.15,target,2103.75,0.64,1.141,6
2024-02-13,tc_to_pdh,bear,PE,21650,21600,OTM1,09:31:02,0.5,25.0,spot,150.15,74.2,target,5696.25,0.693,0.952,2
2024-06-26,tc_to_pdh,bull,PE,23750,23800,ITM1,09:25:02,0.2,75.0,spot,151.2,120.7,target,2287.5,0.637,0.589,1
2024-07-02,r1_to_r2,bull,PE,24250,24200,OTM1,09:16:02,0.5,1.0,pct,123.8,131.1,eod,-547.5,0.511,0.403,2
2024-07-08,tc_to_pdh,bull,PE,24300,24350,ITM1,09:25:02,0.2,75.0,spot,125.65,100.15,target,1912.5,0.517,0.437,3
2024-07-12,tc_to_pdh,bull,PE,24400,24450,ITM1,09:25:02,0.2,75.0,spot,136.85,108.3,target,2141.25,0.561,0.218,6
2024-07-15,tc_to_pdh,bull,PE,24600,24650,ITM1,09:25:02,0.2,75.0,spot,155.8,124.05,target,2381.25,0.634,0.511,3
2024-07-23,tc_to_pdh,bull,PE,24550,24600,ITM1,09:25:02,0.2,75.0,spot,262.05,317.3,spot_sl,-4143.75,1.067,0.278,2
2024-07-24,tc_to_pdh,bull,PE,24450,24500,ITM1,09:25:02,0.2,75.0,spot,138.65,110.6,target,2103.75,0.567,0.337,1
2024-08-05,below_s4,bear,CE,24300,24250,ITM1,09:16:02,0.2,0.5,pct,210.8,168.0,target,3210.0,0.867,0.496,3
2024-08-09,r1_to_r2,bull,PE,24350,24300,OTM1,09:16:02,0.5,1.0,pct,138.05,114.7,eod,1751.25,0.566,0.611,5
2024-08-23,tc_to_pdh,bull,PE,24850,24900,ITM1,09:25:02,0.2,75.0,spot,157.7,153.5,eod,315.0,0.635,0.225,6
2024-08-27,tc_to_pdh,bull,PE,25050,25100,ITM1,09:25:02,0.2,75.0,spot,138.4,110.55,target,2088.75,0.553,0.386,2
2024-09-03,tc_to_pdh,bull,PE,25300,25350,ITM1,09:25:02,0.2,75.0,spot,144.0,115.15,target,2163.75,0.569,0.151,2
2024-09-13,tc_to_pdh,bull,PE,25400,25450,ITM1,09:25:02,0.2,75.0,spot,210.1,166.85,target,3243.75,0.827,1.047,6
2024-09-20,tc_to_pdh,bull,PE,25550,25600,ITM1,09:25:02,0.2,75.0,spot,204.5,163.45,target,3078.75,0.801,0.16,6
2024-09-27,tc_to_pdh,bull,PE,26250,26300,ITM1,09:25:02,0.2,75.0,spot,175.5,139.2,target,2722.5,0.669,0.684,6
2024-10-04,pdl_to_s1,bear,CE,25200,25150,ITM1,09:20:02,0.2,2.0,pct,242.5,193.8,target,3652.5,0.962,0.959,6
2024-10-08,tc_to_pdh,bear,PE,24850,24800,OTM1,09:31:02,0.5,25.0,spot,162.9,81.1,target,6135.0,0.655,1.125,2
2024-10-09,pdh_to_r1,bear,PE,25050,25000,OTM1,09:20:02,0.5,0.5,pct,118.6,59.2,target,4455.0,0.473,0.698,1
2024-10-18,pdl_to_s1,bear,CE,24700,24650,ITM1,09:20:02,0.2,2.0,pct,164.55,295.4,eod,-9813.75,0.666,1.092,6
2024-10-23,pdl_to_s1,bear,CE,24400,24350,ITM1,09:20:02,0.2,2.0,pct,221.05,175.95,target,3382.5,0.906,1.23,1
2024-10-28,tc_to_pdh,bear,PE,24250,24200,OTM1,09:31:02,0.5,25.0,spot,146.2,73.0,target,5490.0,0.603,0.877,3
2024-10-29,tc_to_pdh,bear,PE,24350,24300,OTM1,09:31:02,0.5,25.0,spot,135.55,109.4,lockin_sl,1961.25,0.557,0.434,2
2024-11-04,tc_to_pdh,bear,PE,24300,24250,OTM1,09:31:02,0.5,25.0,spot,271.55,324.25,eod,-3952.5,1.117,0.464,3
2024-11-06,pdh_to_r1,bear,PE,24300,24250,OTM1,09:20:02,0.5,0.5,pct,137.7,68.7,target,5175.0,0.566,1.072,1
2024-11-12,tc_to_pdh,bear,PE,24250,24200,OTM1,09:31:02,0.5,25.0,spot,121.8,122.5,lockin_sl,-52.5,0.503,0.13,2
2024-11-13,pdl_to_s1,bear,CE,23850,23800,ITM1,09:20:02,0.2,2.0,pct,127.8,101.95,target,1938.75,0.536,1.598,1
2024-11-25,r1_to_r2,bull,PE,24250,24200,OTM1,09:16:02,0.5,1.0,pct,126.35,127.7,lockin_sl,-101.25,0.521,1.941,3
2024-11-27,tc_to_pdh,bull,PE,24250,24300,ITM1,09:25:02,0.2,75.0,spot,156.2,178.5,spot_sl,-1672.5,0.645,0.507,1
2024-12-02,tc_to_pdh,bull,PE,24150,24200,ITM1,09:25:02,0.2,75.0,spot,223.05,178.2,target,3363.75,0.924,0.719,3
2024-12-06,tc_to_pdh,bull,PE,24750,24800,ITM1,09:25:02,0.2,75.0,spot,278.75,222.2,target,4241.25,1.127,0.74,6
2024-12-09,pdl_to_bc,bull,PE,24650,24600,OTM1,09:31:02,0.2,1.5,pct,143.0,142.65,eod,26.25,0.581,0.255,3
2024-12-16,tc_to_pdh,bull,PE,24750,24800,ITM1,09:25:02,0.2,75.0,spot,189.2,223.7,eod,-2587.5,0.764,1.147,3
2024-12-18,pdl_to_s1,bear,CE,24300,24250,ITM1,09:20:02,0.2,2.0,pct,164.85,130.5,target,2576.25,0.678,1.13,1
2024-12-20,tc_to_pdh,bear,PE,24000,23950,OTM1,09:31:02,0.5,25.0,spot,203.6,158.35,spot_sl,3393.75,0.849,0.315,6
2024-12-31,pdl_to_s1,bear,CE,23550,23500,ITM1,09:20:02,0.2,2.0,pct,161.3,128.8,target,2437.5,0.685,0.625,2
2025-01-03,tc_to_pdh,bull,PE,24200,24250,ITM1,09:25:02,0.2,75.0,spot,242.9,312.2,eod,-5197.5,1.004,1.592,6
2025-01-06,tc_to_pdh,bull,PE,24050,24100,ITM1,09:25:02,0.2,75.0,spot,180.05,258.9,spot_sl,-5913.75,0.749,0.81,3
2025-01-13,s1_to_s2,bear,CE,23200,23200,ATM,09:16:02,0.5,2.0,pct,190.9,95.35,target,7166.25,0.823,0.541,3
2025-01-17,s1_to_s2,bear,CE,23250,23250,ATM,09:16:02,0.5,2.0,pct,170.1,170.9,lockin_sl,-60.0,0.731,0.114,6
2025-01-20,r1_to_r2,bear,PE,23300,23300,ATM,09:20:02,0.5,2.0,pct,194.35,110.8,eod,6266.25,0.834,0.284,3
2025-01-24,tc_to_pdh,bear,PE,23200,23150,OTM1,09:31:02,0.5,25.0,spot,145.45,102.25,spot_sl,3240.0,0.627,0.358,6
2025-01-27,s1_to_s2,bear,CE,22950,22950,ATM,09:16:02,0.5,2.0,pct,179.25,108.4,eod,5313.75,0.781,0.495,3
2025-01-28,r1_to_r2,bear,PE,22950,22950,ATM,09:20:02,0.5,2.0,pct,141.9,70.35,target,5366.25,0.618,0.561,2
2025-01-31,tc_to_pdh,bear,PE,23300,23250,OTM1,09:31:02,0.5,25.0,spot,262.65,253.0,spot_sl,723.75,1.127,0.54,6
2025-02-07,pdl_to_bc,bull,PE,23600,23550,OTM1,09:31:02,0.2,1.5,pct,155.95,124.65,target,2347.5,0.661,0.584,6
2025-02-10,pdl_to_bc,bull,PE,23550,23500,OTM1,09:31:02,0.2,1.5,pct,163.5,184.55,eod,-1578.75,0.694,0.188,3
2025-02-14,tc_to_pdh,bear,PE,23100,23050,OTM1,09:31:02,0.5,25.0,spot,167.05,209.75,eod,-3202.5,0.723,0.156,6
2025-02-18,pdh_to_r1,bear,PE,23000,22950,OTM1,09:20:02,0.5,0.5,pct,165.8,123.85,eod,3146.25,0.722,0.605,2
2025-02-24,s1_to_s2,bear,CE,22600,22600,ATM,09:16:02,0.5,2.0,pct,194.3,96.95,target,7301.25,0.859,0.405,3
2025-03-03,below_s4,bear,CE,22200,22150,ITM1,09:16:02,0.2,0.5,pct,187.05,149.0,target,2853.75,0.842,0.327,3
2025-03-04,s1_to_s2,bear,CE,22000,22000,ATM,09:16:02,0.5,2.0,pct,111.2,144.35,eod,-2486.25,0.506,0.288,2
2025-03-07,tc_to_pdh,bear,PE,22500,22450,OTM1,09:31:02,0.5,25.0,spot,111.55,85.7,spot_sl,1938.75,0.496,0.223,6
2025-03-11,s1_to_s2,bear,CE,22350,22350,ATM,09:16:02,0.5,2.0,pct,109.1,207.7,eod,-7395.0,0.488,0.421,2
2025-03-21,tc_to_pdh,bull,PE,23150,23200,ITM1,09:25:02,0.2,75.0,spot,143.35,114.65,target,2152.5,0.619,0.552,6
2025-03-28,tc_to_pdh,bull,PE,23600,23650,ITM1,09:25:02,0.2,75.0,spot,176.75,141.05,target,2677.5,0.749,0.695,6
2025-04-04,pdl_to_bc,bull,PE,23200,23150,OTM1,09:31:02,0.2,1.5,pct,204.85,162.35,target,3187.5,0.883,0.353,5
2025-04-07,below_s4,bear,CE,21800,21750,ITM1,09:16:02,0.2,0.5,pct,683.75,544.3,target,10458.75,3.135,1.263,2
2025-04-08,r1_to_r2,bear,PE,22450,22450,ATM,09:20:02,0.5,2.0,pct,138.0,138.0,lockin_sl,0.0,0.614,1.979,1
2025-04-15,above_r4,bull,PE,23350,23400,ITM1,09:31:02,0.5,2.0,pct,200.05,157.8,eod,3168.75,0.857,0.493,2
2025-04-25,tc_to_pdh,bull,PE,24250,24300,ITM1,09:25:02,0.2,75.0,spot,155.05,207.4,spot_sl,-3926.25,0.639,0.149,5
2025-04-28,tc_to_pdh,bull,PE,24050,24100,ITM1,09:25:02,0.2,75.0,spot,125.7,100.35,target,1901.25,0.522,1.164,2
2025-05-02,tc_to_pdh,bull,PE,24300,24350,ITM1,09:25:02,0.2,75.0,spot,154.4,123.0,target,2355.0,0.635,0.322,6
2025-05-06,tc_to_pdh,bull,PE,24500,24550,ITM1,09:25:02,0.2,75.0,spot,156.2,180.3,spot_sl,-1807.5,0.638,0.201,2
2025-05-09,s1_to_s2,bear,CE,23950,23950,ATM,09:16:02,0.5,2.0,pct,383.7,264.2,eod,8962.5,1.601,1.135,6
2025-05-13,tc_to_pdh,bull,PE,24900,24950,ITM1,09:25:02,0.2,75.0,spot,287.85,412.75,spot_sl,-9367.5,1.157,2.13,2
2025-05-16,tc_to_pdh,bull,PE,25050,25100,ITM1,09:25:02,0.2,75.0,spot,244.3,195.25,target,3678.75,0.976,1.369,6
2025-05-20,tc_to_pdh,bull,PE,25000,25050,ITM1,09:25:02,0.2,75.0,spot,183.95,204.3,spot_sl,-1526.25,0.736,0.289,2
2025-05-23,tc_to_pdh,bull,PE,24650,24700,ITM1,09:25:02,0.2,75.0,spot,172.6,137.6,target,2625.0,0.7,0.358,6
2025-05-27,pdl_to_bc,bull,PE,24950,24900,OTM1,09:31:02,0.2,1.5,pct,264.25,205.8,target,4383.75,1.058,0.311,2
2025-05-28,pdl_to_bc,bull,PE,24850,24800,OTM1,09:31:02,0.2,1.5,pct,198.95,156.6,target,3176.25,0.801,0.52,1
2025-05-30,within_cpr,bull,PE,24850,24850,ATM,09:20:02,0.3,2.0,pct,207.75,231.4,eod,-1773.75,0.837,0.143,6
2025-06-06,within_cpr,bull,PE,24750,24750,ATM,09:20:02,0.3,2.0,pct,170.8,119.45,target,3851.25,0.69,0.354,6
2025-06-10,r2_to_r3,bull,PE,25200,25200,ATM,09:20:02,0.2,1.5,pct,162.55,126.65,target,2692.5,0.645,0.103,2
2025-06-17,tc_to_pdh,bull,PE,24950,25000,ITM1,09:25:02,0.2,75.0,spot,189.1,203.95,eod,-1113.75,0.757,0.833,2
2025-06-18,pdl_to_s1,bear,CE,24800,24750,ITM1,09:20:02,0.2,2.0,pct,136.95,108.95,target,2100.0,0.552,0.513,1
2025-06-20,tc_to_pdh,bear,PE,24800,24750,OTM1,09:31:02,0.5,25.0,spot,118.4,99.4,spot_sl,1425.0,0.477,0.237,6
2025-06-23,pdl_to_bc,bull,PE,24950,24900,OTM1,09:31:02,0.2,1.5,pct,138.15,110.4,target,2081.25,0.554,1.144,3
2025-06-27,tc_to_pdh,bull,PE,25550,25600,ITM1,09:25:02,0.2,75.0,spot,159.7,127.65,target,2403.75,0.625,1.022,6
2025-07-01,tc_to_pdh,bull,PE,25550,25600,ITM1,09:25:02,0.2,75.0,spot,144.9,114.15,target,2306.25,0.567,0.573,2
2025-07-04,tc_to_pdh,bull,PE,25450,25500,ITM1,09:25:02,0.2,75.0,spot,184.2,185.3,spot_sl,-82.5,0.724,0.388,6
2025-07-07,tc_to_pdh,bull,PE,25450,25500,ITM1,09:25:02,0.2,75.0,spot,143.6,134.85,eod,656.25,0.564,0.112,3
2025-07-18,tc_to_pdh,bear,PE,25150,25100,OTM1,09:31:02,0.5,25.0,spot,121.6,171.6,eod,-3750.0,0.484,0.489,6
2025-07-21,tc_to_pdh,bear,PE,25000,24950,OTM1,09:31:02,0.5,25.0,spot,118.75,59.35,target,4455.0,0.475,0.703,3
2025-07-25,pdl_to_s1,bear,CE,25000,24950,ITM1,09:20:02,0.2,2.0,pct,125.45,100.3,target,1886.25,0.502,0.749,6
2025-07-28,pdl_to_s1,bear,CE,24800,24750,ITM1,09:20:02,0.2,2.0,pct,142.25,113.75,target,2137.5,0.574,0.651,3
2025-07-29,pdl_to_s1,bear,CE,24600,24550,ITM1,09:20:02,0.2,2.0,pct,197.75,158.2,target,2966.25,0.803,0.443,2
2025-08-08,within_cpr,bear,CE,24550,24550,ATM,09:16:02,0.2,2.0,pct,154.4,123.0,target,2355.0,0.629,0.641,6
2025-08-22,pdl_to_bc,bull,PE,25050,25000,OTM1,09:31:02,0.2,1.5,pct,123.05,165.55,eod,-3187.5,0.491,0.252,6
2025-08-25,tc_to_pdh,bull,PE,24950,25000,ITM1,09:25:02,0.2,75.0,spot,124.55,99.1,target,1908.75,0.499,0.799,3
2025-09-04,r2_to_r3,bull,PE,24950,24950,ATM,09:20:02,0.2,1.5,pct,147.05,117.45,target,2220.0,0.589,0.377,5
2025-09-26,s1_to_s2,bear,CE,24800,24800,ATM,09:16:02,0.5,2.0,pct,139.35,69.45,target,5242.5,0.561,0.546,4
2025-10-24,tc_to_pdh,bull,PE,25950,26000,ITM1,09:25:02,0.2,75.0,spot,134.4,134.4,spot_sl,0.0,0.518,0.724,4
2025-11-13,tc_to_pdh,bull,PE,25900,25950,ITM1,09:25:02,0.2,75.0,spot,157.8,126.2,target,2370.0,0.609,0.192,5
2025-11-19,tc_to_pdh,bull,PE,25950,26000,ITM1,09:25:02,0.2,75.0,spot,180.6,144.4,target,2715.0,0.696,0.417,6
2025-11-28,tc_to_pdh,bull,PE,26250,26300,ITM1,09:25:02,0.2,75.0,spot,133.5,106.75,target,2006.25,0.509,0.125,4
2026-01-01,tc_to_pdh,bull,PE,26200,26250,ITM1,09:25:02,0.2,75.0,spot,128.45,122.3,eod,461.25,0.491,0.619,5
2026-01-21,pdl_to_s1,bear,CE,25150,25100,ITM1,09:20:02,0.2,2.0,pct,280.45,224.2,target,4218.75,1.115,1.386,6
2026-01-28,pdh_to_r1,bear,PE,25250,25200,OTM1,09:20:02,0.5,0.5,pct,169.15,136.5,eod,2448.75,0.67,0.629,6
2026-01-29,tc_to_pdh,bear,PE,25350,25300,OTM1,09:31:02,0.5,25.0,spot,209.1,131.9,spot_sl,5790.0,0.825,0.391,5
2026-02-01,tc_to_pdh,bear,PE,25350,25300,OTM1,09:31:02,0.5,25.0,spot,196.0,146.5,spot_sl,3712.5,0.774,0.227,2
2026-02-05,tc_to_pdh,bull,PE,25750,25800,ITM1,09:25:02,0.2,75.0,spot,206.05,245.6,spot_sl,-2966.25,0.8,0.304,5
2026-02-09,r2_to_r3,bull,PE,25900,25900,ATM,09:20:02,0.2,1.5,pct,125.4,100.0,target,1905.0,0.484,0.249,1
2026-02-13,s3_to_s4,bear,CE,25600,25550,ITM1,09:20:02,0.4,0.5,pct,152.4,88.3,target,4807.5,0.596,0.368,4
2026-02-16,pdl_to_s1,bear,CE,25450,25400,ITM1,09:20:02,0.2,2.0,pct,140.15,111.65,target,2137.5,0.551,0.468,1
2026-02-18,tc_to_pdh,bull,PE,25750,25800,ITM1,09:25:02,0.2,75.0,spot,180.9,144.1,target,2760.0,0.702,0.279,6
2026-02-20,pdl_to_s1,bear,CE,25400,25350,ITM1,09:20:02,0.2,2.0,pct,200.15,160.1,target,3003.75,0.788,1.766,4
2026-03-05,pdh_to_r1,bear,PE,24600,24550,OTM1,09:20:02,0.5,0.5,pct,229.05,114.35,target,8602.5,0.93,0.225,5
2026-03-09,below_s4,bear,CE,23850,23800,ITM1,09:16:02,0.2,0.5,pct,283.15,226.3,target,4263.75,1.188,0.76,1
2026-03-12,s1_to_s2,bear,CE,23700,23700,ATM,09:16:02,0.5,2.0,pct,246.05,242.0,eod,303.75,1.039,1.698,5
2026-03-13,s1_to_s2,bear,CE,23450,23450,ATM,09:16:02,0.5,2.0,pct,250.1,124.95,target,9386.25,1.065,0.194,4
2026-03-18,tc_to_pdh,bear,PE,23650,23600,OTM1,09:31:02,0.5,25.0,spot,171.25,171.25,spot_sl,0.0,0.725,0.399,6
2026-03-19,below_s4,bear,CE,23200,23150,ITM1,09:16:02,0.2,0.5,pct,344.4,275.2,target,5190.0,1.484,0.549,5
2026-03-20,tc_to_pdh,bear,PE,23150,23100,OTM1,09:31:02,0.5,25.0,spot,166.1,238.1,eod,-5400.0,0.718,0.511,4
2026-03-25,pdh_to_r1,bear,PE,23050,23000,OTM1,09:20:02,0.5,0.5,pct,223.15,173.15,eod,3750.0,0.967,0.454,5
2026-04-01,r1_to_r2,bear,PE,22900,22900,ATM,09:20:02,0.5,2.0,pct,315.75,397.55,eod,-6135.0,1.38,0.865,6
2026-04-06,pdh_to_r1,bear,PE,22800,22750,OTM1,09:20:02,0.5,0.5,pct,252.65,123.35,target,9697.5,1.109,1.474,1
2026-04-08,r3_to_r4,bull,PE,23850,23900,ITM1,09:25:02,0.2,0.5,pct,259.45,207.15,target,3922.5,1.088,1.303,5
2026-04-09,pdl_to_bc,bull,PE,23900,23850,OTM1,09:31:02,0.2,1.5,pct,158.55,216.0,eod,-4308.75,0.663,0.739,4
2026-04-10,tc_to_pdh,bull,PE,23850,23900,ITM1,09:25:02,0.2,75.0,spot,145.55,116.3,target,2193.75,0.61,0.586,3
2026-04-15,r2_to_r3,bull,PE,24150,24150,ATM,09:20:02,0.2,1.5,pct,173.45,191.8,eod,-1376.25,0.718,0.854,6
2026-04-16,r2_to_r3,bull,PE,24400,24400,ATM,09:20:02,0.2,1.5,pct,205.55,312.0,eod,-7983.75,0.843,0.199,5
2026-04-17,pdl_to_bc,bull,PE,24150,24100,OTM1,09:31:02,0.2,1.5,pct,134.0,106.65,target,2051.25,0.554,0.789,4
2026-04-22,pdl_to_bc,bull,PE,24450,24400,OTM1,09:31:02,0.2,1.5,pct,223.2,227.1,eod,-292.5,0.912,0.865,6
